<?xml version="1.0" encoding="UTF-8"?>
<GenRun Id="impl_1" LaunchPart="xc7a35tcpg236-1" LaunchTime="1714718047">
  <File Type="ROUTE-PWR" Name="digiclock_power_routed.rpt"/>
  <File Type="PA-TCL" Name="digiclock.tcl"/>
  <File Type="ROUTE-PWR-SUM" Name="digiclock_power_summary_routed.pb"/>
  <File Type="REPORTS-TCL" Name="digiclock_reports.tcl"/>
  <File Type="OPT-RQA-PB" Name="digiclock_rqa_opted.pb"/>
  <File Type="BITSTR-MMI" Name="digiclock.mmi"/>
  <File Type="OPT-METHODOLOGY-DRC" Name="digiclock_methodology_drc_opted.rpt"/>
  <File Type="INIT-TIMING" Name="digiclock_timing_summary_init.rpt"/>
  <File Type="OPT-TIMING" Name="digiclock_timing_summary_opted.rpt"/>
  <File Type="OPT-DCP" Name="digiclock_opt.dcp"/>
  <File Type="OPT-DRC" Name="digiclock_drc_opted.rpt"/>
  <File Type="OPT-HWDEF" Name="digiclock.hwdef"/>
  <File Type="PWROPT-DCP" Name="digiclock_pwropt.dcp"/>
  <File Type="PWROPT-DRC" Name="digiclock_drc_pwropted.rpt"/>
  <File Type="PWROPT-TIMING" Name="digiclock_timing_summary_pwropted.rpt"/>
  <File Type="PLACE-DCP" Name="digiclock_placed.dcp"/>
  <File Type="PLACE-IO" Name="digiclock_io_placed.rpt"/>
  <File Type="PLACE-CLK" Name="digiclock_clock_utilization_placed.rpt"/>
  <File Type="PLACE-UTIL" Name="digiclock_utilization_placed.rpt"/>
  <File Type="PLACE-UTIL-PB" Name="digiclock_utilization_placed.pb"/>
  <File Type="PLACE-CTRL" Name="digiclock_control_sets_placed.rpt"/>
  <File Type="PLACE-SIMILARITY" Name="digiclock_incremental_reuse_placed.rpt"/>
  <File Type="PLACE-PRE-SIMILARITY" Name="digiclock_incremental_reuse_pre_placed.rpt"/>
  <File Type="BG-BIN" Name="digiclock.bin"/>
  <File Type="PLACE-TIMING" Name="digiclock_timing_summary_placed.rpt"/>
  <File Type="ROUTE-PWR-RPX" Name="digiclock_power_routed.rpx"/>
  <File Type="PLACE-RQA-PB" Name="digiclock_rqa_placed.pb"/>
  <File Type="POSTPLACE-PWROPT-DCP" Name="digiclock_postplace_pwropt.dcp"/>
  <File Type="BITSTR-MSK" Name="digiclock.msk"/>
  <File Type="POSTPLACE-PWROPT-TIMING" Name="digiclock_timing_summary_postplace_pwropted.rpt"/>
  <File Type="PHYSOPT-DCP" Name="digiclock_physopt.dcp"/>
  <File Type="PHYSOPT-DRC" Name="digiclock_drc_physopted.rpt"/>
  <File Type="BITSTR-RBT" Name="digiclock.rbt"/>
  <File Type="PHYSOPT-TIMING" Name="digiclock_timing_summary_physopted.rpt"/>
  <File Type="ROUTE-ERROR-DCP" Name="digiclock_routed_error.dcp"/>
  <File Type="ROUTE-DCP" Name="digiclock_routed.dcp"/>
  <File Type="ROUTE-BLACKBOX-DCP" Name="digiclock_routed_bb.dcp"/>
  <File Type="ROUTE-DRC" Name="digiclock_drc_routed.rpt"/>
  <File Type="ROUTE-DRC-PB" Name="digiclock_drc_routed.pb"/>
  <File Type="ROUTE-DRC-RPX" Name="digiclock_drc_routed.rpx"/>
  <File Type="ROUTE-METHODOLOGY-DRC" Name="digiclock_methodology_drc_routed.rpt"/>
  <File Type="ROUTE-METHODOLOGY-DRC-RPX" Name="digiclock_methodology_drc_routed.rpx"/>
  <File Type="ROUTE-METHODOLOGY-DRC-PB" Name="digiclock_methodology_drc_routed.pb"/>
  <File Type="ROUTE-RQS-PB" Name="digiclock_rqs_routed.pb"/>
  <File Type="ROUTE-STATUS" Name="digiclock_route_status.rpt"/>
  <File Type="ROUTE-STATUS-PB" Name="digiclock_route_status.pb"/>
  <File Type="ROUTE-TIMINGSUMMARY" Name="digiclock_timing_summary_routed.rpt"/>
  <File Type="ROUTE-TIMING-PB" Name="digiclock_timing_summary_routed.pb"/>
  <File Type="ROUTE-TIMING-RPX" Name="digiclock_timing_summary_routed.rpx"/>
  <File Type="ROUTE-SIMILARITY" Name="digiclock_incremental_reuse_routed.rpt"/>
  <File Type="ROUTE-CLK" Name="digiclock_clock_utilization_routed.rpt"/>
  <File Type="ROUTE-BUS-SKEW" Name="digiclock_bus_skew_routed.rpt"/>
  <File Type="ROUTE-BUS-SKEW-PB" Name="digiclock_bus_skew_routed.pb"/>
  <File Type="ROUTE-BUS-SKEW-RPX" Name="digiclock_bus_skew_routed.rpx"/>
  <File Type="POSTROUTE-PHYSOPT-DCP" Name="digiclock_postroute_physopt.dcp"/>
  <File Type="POSTROUTE-PHYSOPT-BLACKBOX-DCP" Name="digiclock_postroute_physopt_bb.dcp"/>
  <File Type="POSTROUTE-PHYSOPT-TIMING" Name="digiclock_timing_summary_postroute_physopted.rpt"/>
  <File Type="POSTROUTE-PHYSOPT-TIMING-PB" Name="digiclock_timing_summary_postroute_physopted.pb"/>
  <File Type="POSTROUTE-PHYSOPT-TIMING-RPX" Name="digiclock_timing_summary_postroute_physopted.rpx"/>
  <File Type="POSTROUTE-PHYSOPT-BUS-SKEW" Name="digiclock_bus_skew_postroute_physopted.rpt"/>
  <File Type="BG-BIT" Name="digiclock.bit"/>
  <File Type="POSTROUTE-PHYSOPT-BUS-SKEW-PB" Name="digiclock_bus_skew_postroute_physopted.pb"/>
  <File Type="POSTROUTE-PHYSOPT-BUS-SKEW-RPX" Name="digiclock_bus_skew_postroute_physopted.rpx"/>
  <File Type="BITSTR-NKY" Name="digiclock.nky"/>
  <File Type="BITSTR-BMM" Name="digiclock_bd.bmm"/>
  <File Type="PDI-FILE" Name="digiclock.pdi"/>
  <File Type="BOOT-PDI-FILE" Name="digiclock_boot.pdi"/>
  <File Type="PL-PDI-FILE" Name="digiclock_pld.pdi"/>
  <File Type="RCFI_FILE" Name="digiclock.rcfi"/>
  <File Type="CFI_FILE" Name="digiclock.cfi"/>
  <File Type="RNPI_FILE" Name="digiclock.rnpi"/>
  <File Type="NPI_FILE" Name="digiclock.npi"/>
  <File Type="RBD_FILE" Name="digiclock.rbd"/>
  <File Type="BITSTR-LTX" Name="debug_nets.ltx"/>
  <File Type="BITSTR-LTX" Name="digiclock.ltx"/>
  <File Type="BITSTR-SYSDEF" Name="digiclock.sysdef"/>
  <File Type="BG-BGN" Name="digiclock.bgn"/>
  <File Type="BG-DRC" Name="digiclock.drc"/>
  <File Type="RDI-RDI" Name="digiclock.vdi"/>
  <File Type="WBT-USG" Name="usage_statistics_webtalk.html"/>
  <File Type="ROUTE-RQS" Name="digiclock_routed.rqs"/>
  <File Type="POSTROUTE-PHYSOPT-RQS" Name="digiclock_postroute_physopted.rqs"/>
  <File Type="ROUTE-RQS-RPT" Name="route_report_qor_suggestions_0.rpt"/>
  <File Type="POSTROUTE-PHYSOPT-RQS-RPT" Name="postroute_physopt_report_qor_suggestions_0.rpt"/>
  <FileSet Name="sources" Type="DesignSrcs" RelSrcDir="$PSRCDIR/sources_1" RelGenDir="$PGENDIR/sources_1">
    <Filter Type="Srcs"/>
    <File Path="$PSRCDIR/sources_1/new/digiclock.v">
      <FileInfo>
        <Attr Name="UsedIn" Val="synthesis"/>
        <Attr Name="UsedIn" Val="implementation"/>
        <Attr Name="UsedIn" Val="simulation"/>
      </FileInfo>
    </File>
    <Config>
      <Option Name="DesignMode" Val="RTL"/>
      <Option Name="TopModule" Val="digiclock"/>
      <Option Name="TopAutoSet" Val="TRUE"/>
    </Config>
  </FileSet>
  <FileSet Name="constrs_in" Type="Constrs" RelSrcDir="$PSRCDIR/constrs_1" RelGenDir="$PGENDIR/constrs_1">
    <Filter Type="Constrs"/>
    <File Path="$PPRDIR/../7_seg_fourdigit/7_seg_fourdigit.srcs/constrs_1/new/qasdcvb.xdc">
      <FileInfo>
        <Attr Name="UsedIn" Val="synthesis"/>
        <Attr Name="UsedIn" Val="implementation"/>
      </FileInfo>
    </File>
    <Config>
      <Option Name="ConstrsType" Val="XDC"/>
    </Config>
  </FileSet>
  <FileSet Name="utils" Type="Utils" RelSrcDir="$PSRCDIR/utils_1" RelGenDir="$PGENDIR/utils_1">
    <Filter Type="Utils"/>
    <File Path="$PSRCDIR/utils_1/imports/synth_1/digiclock.dcp">
      <FileInfo>
        <Attr Name="UsedIn" Val="synthesis"/>
        <Attr Name="UsedIn" Val="implementation"/>
        <Attr Name="UsedInSteps" Val="synth_1"/>
        <Attr Name="AutoDcp" Val="1"/>
      </FileInfo>
    </File>
    <Config>
      <Option Name="TopAutoSet" Val="TRUE"/>
    </Config>
  </FileSet>
  <Strategy Version="1" Minor="2">
    <StratHandle Name="Vivado Implementation Defaults" Flow="Vivado Implementation 2023"/>
    <Step Id="init_design"/>
    <Step Id="opt_design"/>
    <Step Id="power_opt_design"/>
    <Step Id="place_design"/>
    <Step Id="post_place_power_opt_design"/>
    <Step Id="phys_opt_design"/>
    <Step Id="route_design"/>
    <Step Id="post_route_phys_opt_design"/>
    <Step Id="write_bitstream"/>
  </Strategy>
</GenRun>
